{
    "pos_global": [
        -1130.5125732421875,
        3738.84716796875
    ],
    "theta": 1.5711418827387948,
    "speed": 0.17360588908195496,
    "target_speed": 1.3712557863905885,
    "speed_limit": 13.88888888888889,
    "target_point": [
        51.54224080142359,
        0.004039858862391758
    ],
    "target_point_next": [
        67.13403902335841,
        0.0052438173648480186
    ],
    "command": 4,
    "next_command": 4,
    "aim_wp": [
        7.392197902452785,
        0.0005656993485105649
    ],
    "route": [
        [
            7.492197913355097,
            0.0005799718769386993
        ],
        [
            8.492198001709887,
            0.0006628827111838854
        ],
        [
            9.492198068551797,
            0.000683537689798309
        ],
        [
            10.492198156062946,
            0.0007640071179938275
        ],
        [
            11.492198244417736,
            0.0008469179522390138
        ],
        [
            12.492198331928885,
            0.0009273873804345323
        ],
        [
            13.492198420283676,
            0.0010102982146797184
        ],
        [
            14.492198507794823,
            0.001090767642875237
        ],
        [
            15.492198596149615,
            0.0011736784771204233
        ],
        [
            16.492198683660764,
            0.001254147905315942
        ],
        [
            17.492198772015556,
            0.001337058739561128
        ],
        [
            18.492198859526702,
            0.0014175281677566466
        ],
        [
            19.492198947881494,
            0.0015004390020018328
        ],
        [
            20.49219903539264,
            0.0015809084301973515
        ],
        [
            21.492199123747433,
            0.0016638192644425384
        ],
        [
            22.49219921125858,
            0.001744288692638057
        ],
        [
            23.49219929961337,
            0.0018271995268832424
        ],
        [
            24.492199387124522,
            0.001907668955078761
        ],
        [
            25.49219947547931,
            0.001990579789323948
        ],
        [
            26.49219956299046,
            0.0020710492175194666
        ],
        [
            27.492199651345253,
            0.002153960051764652
        ],
        [
            28.4921997388564,
            0.0022344294799601706
        ],
        [
            29.49219982721119,
            0.0023173403142053577
        ],
        [
            30.492199894053098,
            0.00233799529281978
        ],
        [
            31.492199981564248,
            0.002418464721015298
        ],
        [
            32.492200069919036,
            0.0025013755552604853
        ],
        [
            33.49220015743019,
            0.002581844983456004
        ],
        [
            34.49220024578498,
            0.002664755817701191
        ],
        [
            35.492200333296125,
            0.0027452252458967097
        ],
        [
            36.492200421650914,
            0.002828136080141895
        ],
        [
            37.49220050916207,
            0.0029086055083374154
        ],
        [
            38.492200597516856,
            0.002991516342582601
        ],
        [
            39.492200685028,
            0.0030719857707781173
        ],
        [
            40.4922007733828,
            0.003154896605023306
        ],
        [
            41.492200860893945,
            0.003235366033218823
        ],
        [
            42.49220094924873,
            0.0033182768674640084
        ],
        [
            43.49220103675988,
            0.0033987462956595288
        ],
        [
            44.492201125114676,
            0.003481657129904714
        ],
        [
            45.49220121262582,
            0.0035621265581002345
        ],
        [
            46.49220130098061,
            0.00364503739234542
        ]
    ],
    "route_original": [
        [
            7.492197913355097,
            0.0005799718769386993
        ],
        [
            8.492198001709887,
            0.0006628827111838854
        ],
        [
            9.492198068551797,
            0.000683537689798309
        ],
        [
            10.492198156062946,
            0.0007640071179938275
        ],
        [
            11.492198244417736,
            0.0008469179522390138
        ],
        [
            12.492198331928885,
            0.0009273873804345323
        ],
        [
            13.492198420283676,
            0.0010102982146797184
        ],
        [
            14.492198507794823,
            0.001090767642875237
        ],
        [
            15.492198596149615,
            0.0011736784771204233
        ],
        [
            16.492198683660764,
            0.001254147905315942
        ],
        [
            17.492198772015556,
            0.001337058739561128
        ],
        [
            18.492198859526702,
            0.0014175281677566466
        ],
        [
            19.492198947881494,
            0.0015004390020018328
        ],
        [
            20.49219903539264,
            0.0015809084301973515
        ],
        [
            21.492199123747433,
            0.0016638192644425384
        ],
        [
            22.49219921125858,
            0.001744288692638057
        ],
        [
            23.49219929961337,
            0.0018271995268832424
        ],
        [
            24.492199387124522,
            0.001907668955078761
        ],
        [
            25.49219947547931,
            0.001990579789323948
        ],
        [
            26.49219956299046,
            0.0020710492175194666
        ],
        [
            27.492199651345253,
            0.002153960051764652
        ],
        [
            28.4921997388564,
            0.0022344294799601706
        ],
        [
            29.49219982721119,
            0.0023173403142053577
        ],
        [
            30.492199894053098,
            0.00233799529281978
        ],
        [
            31.492199981564248,
            0.002418464721015298
        ],
        [
            32.492200069919036,
            0.0025013755552604853
        ],
        [
            33.49220015743019,
            0.002581844983456004
        ],
        [
            34.49220024578498,
            0.002664755817701191
        ],
        [
            35.492200333296125,
            0.0027452252458967097
        ],
        [
            36.492200421650914,
            0.002828136080141895
        ],
        [
            37.49220050916207,
            0.0029086055083374154
        ],
        [
            38.492200597516856,
            0.002991516342582601
        ],
        [
            39.492200685028,
            0.0030719857707781173
        ],
        [
            40.4922007733828,
            0.003154896605023306
        ],
        [
            41.492200860893945,
            0.003235366033218823
        ],
        [
            42.49220094924873,
            0.0033182768674640084
        ],
        [
            43.49220103675988,
            0.0033987462956595288
        ],
        [
            44.492201125114676,
            0.003481657129904714
        ],
        [
            45.49220121262582,
            0.0035621265581002345
        ],
        [
            46.49220130098061,
            0.00364503739234542
        ]
    ],
    "changed_route": false,
    "speed_reduced_by_obj_type": "traffic.stop",
    "speed_reduced_by_obj_id": 139,
    "speed_reduced_by_obj_distance": 39.599998474121094,
    "steer": 0.0,
    "throttle": 1.0,
    "brake": false,
    "control_brake": false,
    "junction": false,
    "vehicle_hazard": false,
    "vehicle_affecting_id": null,
    "light_hazard": false,
    "walker_hazard": false,
    "walker_affecting_id": null,
    "stop_sign_hazard": true,
    "stop_sign_close": true,
    "walker_close": false,
    "walker_close_id": null,