{
    "pos_global": [
        192.85626220703125,
        72.655517578125
    ],
    "theta": 1.5823926170680185,
    "speed": 0.00827698688954115,
    "target_speed": 1.0135700054321102,
    "speed_limit": 22.22222222222222,
    "target_point": [
        120.17432643810321,
        121.00562017880341
    ],
    "target_point_next": [
        120.33207604187196,
        145.0050993681019
    ],
    "command": 4,
    "next_command": 4,
    "aim_wp": [
        7.400001228867581,
        9.634987474561849e-5
    ],
    "route": [
        [
            7.500001849685269,
            9.640761085215171e-5
        ],
        [
            8.490011820633583,
            0.00010441215160625906
        ],
        [
            9.49001453347621,
            0.00011281255308385206
        ],
        [
            10.490012960193853,
            0.00011348015425420887
        ],
        [
            11.490007953914814,
            0.00011418756723514852
        ],
        [
            12.500002551984638,
            0.00011490606206267896
        ],
        [
            13.490012522932952,
            0.00012291060281677244
        ],
        [
            14.490015235775564,
            0.00013131100429455796
        ],
        [
            15.490009924341255,
            0.00013202195610319853
        ],
        [
            16.50000467498872,
            0.00013273868151678919
        ],
        [
            17.500003254284007,
            0.0001334045132732062
        ],
        [
            18.500001922049982,
            0.00014169922658920808
        ],
        [
            19.50000440425674,
            0.00014994970455984617
        ],
        [
            20.490010626640622,
            0.00015052040731372579
        ],
        [
            21.49000546778394,
            0.0001512295897086191
        ],
        [
            22.500003956583374,
            0.0001519029644837057
        ],
        [
            23.49999880990857,
            0.00016024191314509913
        ],
        [
            24.499997477674547,
            0.00016853662646112877
        ],
        [
            25.490011176362366,
            0.00016902062793802802
        ],
        [
            26.490010060812907,
            0.0001696829208668673
        ],
        [
            27.498944415715663,
            0.0006053937319238393
        ],
        [
            28.499747231548255,
            0.005965441124899057
        ],
        [
            29.4925897400588,
            0.02119232463825381
        ],
        [
            30.489820743955434,
            0.04826868239003099
        ],
        [
            31.492391991079028,
            0.08488458600028986
        ],
        [
            32.49263260874501,
            0.13342239073043718
        ],
        [
            33.4922641649162,
            0.19286505556671957
        ],
        [
            34.49238116659798,
            0.26370575058903356
        ],
        [
            35.48833040873198,
            0.3433957240735794
        ],
        [
            36.4855573270857,
            0.43493920176405476
        ],
        [
            37.471963408210335,
            0.5370402340285713
        ],
        [
            38.467398133546176,
            0.6492095185403478
        ],
        [
            39.4611422879468,
            0.7727007429154914
        ],
        [
            40.45357210129112,
            0.9066519424803787
        ],
        [
            41.44358478073857,
            1.052526656733299
        ],
        [
            42.4325366774019,
            1.207632432165724
        ],
        [
            43.41989599337592,
            1.3749173756852282
        ],
        [
            44.39388606849236,
            1.5509822072324102
        ],
        [
            45.37988574609881,
            1.7385258259073175
        ],
        [
            46.36129494842708,
            1.9373580234974088
        ]
    ],
    "route_original": [
        [
            7.500001849685269,
            9.640761085215171e-5
        ],
        [
            8.490011820633583,
            0.00010441215160625906
        ],
        [
            9.49001453347621,
            0.00011281255308385206
        ],
        [
            10.490012960193853,
            0.00011348015425420887
        ],
        [
            11.490007953914814,
            0.00011418756723514852
        ],
        [
            12.500002551984638,
            0.00011490606206267896
        ],
        [
            13.490012522932952,
            0.00012291060281677244
        ],
        [
            14.490015235775564,
            0.00013131100429455796
        ],
        [
            15.490009924341255,
            0.00013202195610319853
        ],
        [
            16.50000467498872,
            0.00013273868151678919
        ],
        [
            17.500003254284007,
            0.0001334045132732062
        ],
        [
            18.500001922049982,
            0.00014169922658920808
        ],
        [
            19.50000440425674,
            0.00014994970455984617
        ],
        [
            20.490010626640622,
            0.00015052040731372579
        ],
        [
            21.49000546778394,
            0.0001512295897086191
        ],
        [
            22.500003956583374,
            0.0001519029644837057
        ],
        [
            23.49999880990857,
            0.00016024191314509913
        ],
        [
            24.499997477674547,
            0.00016853662646112877
        ],
        [
            25.490011176362366,
            0.00016902062793802802
        ],
        [
            26.490010060812907,
            0.0001696829208668673
        ],
        [
            27.498944415715663,
            0.0006053937319238393
        ],
        [
            28.499747231548255,
            0.005965441124899057
        ],
        [
            29.4925897400588,
            0.02119232463825381
        ],
        [
            30.489820743955434,
            0.04826868239003099
        ],
        [
            31.492391991079028,
            0.08488458600028986
        ],
        [
            32.49263260874501,
            0.13342239073043718
        ],
        [
            33.4922641649162,
            0.19286505556671957
        ],
        [
            34.49238116659798,
            0.26370575058903356
        ],
        [
            35.48833040873198,
            0.3433957240735794
        ],
        [
            36.4855573270857,
            0.43493920176405476
        ],
        [
            37.471963408210335,
            0.5370402340285713
        ],
        [
            38.467398133546176,
            0.6492095185403478
        ],
        [
            39.4611422879468,
            0.7727007429154914
        ],
        [
            40.45357210129112,
            0.9066519424803787
        ],
        [
            41.44358478073857,
            1.052526656733299
        ],
        [
            42.4325366774019,
            1.207632432165724
        ],
        [
            43.41989599337592,
            1.3749173756852282
        ],
        [
            44.39388606849236,
            1.5509822072324102
        ],
        [
            45.37988574609881,
            1.7385258259073175
        ],
        [
            46.36129494842708,
            1.9373580234974088
        ]
    ],
    "changed_route": false,
    "speed_reduced_by_obj_type": "vehicle.ford.mustang",
    "speed_reduced_by_obj_id": 151,
    "speed_reduced_by_obj_distance": 15.000019073486328,
    "steer": 0.0,
    "throttle": 1.0,
    "brake": false,
    "control_brake": false,
    "junction": false,
    "vehicle_hazard": false,
    "vehicle_affecting_id": null,
    "light_hazard": false,
    "walker_hazard": false,
    "walker_affecting_id": null,
    "stop_sign_hazard": false,
    "stop_sign_close": false,
    "walker_close": false,
    "walker_close_id": null,
    "angle": 8.288949343069391e-6,