{
    "pos_global": [
        192.77471923828125,
        79.67039489746094
    ],
    "theta": 1.5828215320918222,
    "speed": 8.961275100708008,
    "target_speed": 8.59460610226704,
    "speed_limit": 22.22222222222222,
    "target_point": [
        113.21086583323527,
        120.95688070954527
    ],
    "target_point_next": [
        113.3789091593657,
        144.95629003010157
    ],
    "command": 4,
    "next_command": 4,
    "aim_wp": [
        3.274660143050375,
        -0.0014839419813189837
    ],
    "route": [
        [
            2.4746630313182547,
            -0.0011413633090636942
        ],
        [
            3.4746613663383394,
            -0.001569610043802932
        ],
        [
            4.474656268379134,
            -0.0019978154942714263
        ],
        [
            5.484650773853739,
            -0.0024302988433001836
        ],
        [
            6.4746606571701975,
            -0.0028469244405178434
        ],
        [
            7.47466328163157,
            -0.0032674402140442965
        ],
        [
            8.474657878518641,
            -0.003695641994799726
        ],
        [
            9.484652536570115,
            -0.004128127178685094
        ],
        [
            10.484651024167068,
            -0.00455637574828095
        ],
        [
            11.484649603506847,
            -0.004976995474965347
        ],
        [
            12.484651997268081,
            -0.005397661073061947
        ],
        [
            13.47465812883197,
            -0.005821718899780492
        ],
        [
            14.474652878295895,
            -0.006249922515392383
        ],
        [
            15.484651274480399,
            -0.0066824526532617305
        ],
        [
            16.484646039398722,
            -0.007103026508533924
        ],
        [
            17.4846446187385,
            -0.0075236462352183215
        ],
        [
            18.474658226568444,
            -0.007947793969904826
        ],
        [
            19.47465701931911,
            -0.008376046209213561
        ],
        [
            20.483591468298908,
            -0.008373082527815977
        ],
        [
            21.484396491078392,
            -0.0034422949782936018
        ],
        [
            22.47724543930217,
            0.011358742079316626
        ],
        [
            23.474487964925732,
            0.038007369993841404
        ],
        [
            24.47707482493945,
            0.07419325237888126
        ],
        [
            25.477336169192288,
            0.12230203442914345
        ],
        [
            26.47699312926454,
            0.1813159368180851
        ],
        [
            27.47714042358897,
            0.2517276601297551
        ],
        [
            28.473123754337358,
            0.3309904487042952
        ],
        [
            29.47038984533382,
            0.4221061923799223
        ],
        [
            30.456839628390167,
            0.5237841308779793
        ],
        [
            31.452322373251757,
            0.6355264481761496
        ],
        [
            32.44611940348359,
            0.7585914294074998
        ],
        [
            33.438606579220384,
            0.8921169486070512
        ],
        [
            34.42868173545708,
            1.037567018142873
        ],
        [
            35.41770006834793,
            1.192248602994749
        ],
        [
            36.405131044523976,
            1.3591100378951781
        ],
        [
            37.379196546897965,
            1.5347570942837603
        ],
        [
            38.36527657408138,
            1.7218777856454226
        ],
        [
            39.34677096824981,
            1.9202890238076522
        ],
        [
            40.326194202838785,
            2.1290411617376277
        ],
        [
            41.30330696952068,
            2.348087024858779
        ]
    ],
    "route_original": [
        [
            2.4746630313182547,
            -0.0011413633090636942
        ],
        [
            3.4746613663383394,
            -0.001569610043802932
        ],
        [
            4.474656268379134,
            -0.0019978154942714263
        ],
        [
            5.484650773853739,
            -0.0024302988433001836
        ],
        [
            6.4746606571701975,
            -0.0028469244405178434
        ],
        [
            7.47466328163157,
            -0.0032674402140442965
        ],
        [
            8.474657878518641,
            -0.003695641994799726
        ],
        [
            9.484652536570115,
            -0.004128127178685094
        ],
        [
            10.484651024167068,
            -0.00455637574828095
        ],
        [
            11.484649603506847,
            -0.004976995474965347
        ],
        [
            12.484651997268081,
            -0.005397661073061947
        ],
        [
            13.47465812883197,
            -0.005821718899780492
        ],
        [
            14.474652878295895,
            -0.006249922515392383
        ],
        [
            15.484651274480399,
            -0.0066824526532617305
        ],
        [
            16.484646039398722,
            -0.007103026508533924
        ],
        [
            17.4846446187385,
            -0.0075236462352183215
        ],
        [
            18.474658226568444,
            -0.007947793969904826
        ],
        [
            19.47465701931911,
            -0.008376046209213561
        ],
        [
            20.483591468298908,
            -0.008373082527815977
        ],
        [
            21.484396491078392,
            -0.0034422949782936018
        ],
        [
            22.47724543930217,
            0.011358742079316626
        ],
        [
            23.474487964925732,
            0.038007369993841404
        ],
        [
            24.47707482493945,
            0.07419325237888126
        ],
        [
            25.477336169192288,
            0.12230203442914345
        ],
        [
            26.47699312926454,
            0.1813159368180851
        ],
        [
            27.47714042358897,
            0.2517276601297551
        ],
        [
            28.473123754337358,
            0.3309904487042952
        ],
        [
            29.47038984533382,
            0.4221061923799223
        ],
        [
            30.456839628390167,
            0.5237841308779793
        ],
        [
            31.452322373251757,
            0.6355264481761496
        ],
        [
            32.44611940348359,
            0.7585914294074998
        ],
        [
            33.438606579220384,
            0.8921169486070512
        ],
        [
            34.42868173545708,
            1.037567018142873
        ],
        [
            35.41770006834793,
            1.192248602994749
        ],
        [
            36.405131044523976,
            1.3591100378951781
        ],
        [
            37.379196546897965,
            1.5347570942837603
        ],
        [
            38.36527657408138,
            1.7218777856454226
        ],
        [
            39.34677096824981,
            1.9202890238076522
        ],
        [
            40.326194202838785,
            2.1290411617376277
        ],
        [
            41.30330696952068,
            2.348087024858779
        ]
    ],
    "changed_route": false,
    "speed_reduced_by_obj_type": "vehicle.ford.mustang",
    "speed_reduced_by_obj_id": 151,
    "speed_reduced_by_obj_distance": 11.944792747497559,
    "steer": -0.001,
    "throttle": 0.0,
    "brake": false,
    "control_brake": true,
    "junction": false,
    "vehicle_hazard": false,
    "vehicle_affecting_id": null,
    "light_hazard": false,
    "walker_hazard": false,
    "walker_affecting_id": null,
    "stop_sign_hazard": false,
    "stop_sign_close": false,
    "walker_close": false,
    "walker_close_id": null,
    "angle": -0.0002884900113047512,