{
    "pos_global": [
        191.40625,
        113.34629821777344
    ],
    "theta": 1.7167164524409433,
    "speed": 7.602980613708496,
    "target_speed": 7.643206573810452,
    "speed_limit": 22.22222222222222,
    "target_point": [
        94.8277376616028,
        108.30378960068148
    ],
    "target_point_next": [
        98.19808295585628,
        132.06595824945094
    ],
    "command": 4,
    "next_command": 4,
    "aim_wp": [
        2.8437845010191976,
        0.03378672668552581
    ],
    "route": [
        [
            2.5436000862006822,
            0.02176957131349466
        ],
        [
            3.537177095079286,
            0.06360185377613585
        ],
        [
            4.536883665592732,
            0.11539705212760937
        ],
        [
            5.534181368373855,
            0.17883552618540774
        ],
        [
            6.532835605081974,
            0.253160315273338
        ],
        [
            7.530620889938128,
            0.3380104808989903
        ],
        [
            8.529092630591597,
            0.4346276783844151
        ],
        [
            9.522158890412276,
            0.5398990036394729
        ],
        [
            10.516741229343282,
            0.6567990873580227
        ],
        [
            11.500689332930753,
            0.7843513925130156
        ],
        [
            12.492394372017873,
            0.9220406209948786
        ],
        [
            13.482712017868486,
            1.0707762090685344
        ],
        [
            14.471148352142006,
            1.2314139096545913
        ],
        [
            15.45755066754744,
            1.402969217696505
        ],
        [
            16.441670419902984,
            1.5834109399405203
        ],
        [
            17.424456946360873,
            1.7757419310724447
        ],
        [
            18.394078084532143,
            1.9769680309806654
        ],
        [
            19.374407891882594,
            2.1897151264056607
        ],
        [
            20.350471207623034,
            2.4134813646109876
        ],
        [
            21.324145669723553,
            2.647514854783589
        ],
        [
            22.287124705857856,
            2.891202303162478
        ],
        [
            23.262430673389424,
            3.1474577842052613
        ],
        [
            24.22797815698486,
            3.413026254953556
        ],
        [
            25.190360816814255,
            3.6898333654000943
        ],
        [
            26.142537496979248,
            3.9752067641509385
        ],
        [
            27.09722191238047,
            4.270824586430505
        ],
        [
            28.050255430272212,
            4.578363404098799
        ],
        [
            28.999949487968394,
            4.895908497773017
        ],
        [
            29.941788345941276,
            5.223170399320741
        ],
        [
            30.887782701549217,
            5.561579233778093
        ],
        [
            31.826822785547023,
            5.909509238436771
        ],
        [
            32.75803121859739,
            6.267366657111514
        ],
        [
            33.684276383691774,
            6.6330248057975565
        ],
        [
            34.61141464829958,
            7.01150660842703
        ],
        [
            35.53417062880131,
            7.400509299067108
        ],
        [
            36.44679169242058,
            7.79732245552957
        ],
        [
            37.366163737287366,
            8.207112714632785
        ],
        [
            38.27596412991893,
            8.62558779187717
        ],
        [
            39.17573924573266,
            9.052065273855671
        ],
        [
            40.07337753349506,
            9.487560282571556
        ]
    ],
    "route_original": [
        [
            2.5436000862006822,
            0.02176957131349466
        ],
        [
            3.537177095079286,
            0.06360185377613585
        ],
        [
            4.536883665592732,
            0.11539705212760937
        ],
        [
            5.534181368373855,
            0.17883552618540774
        ],
        [
            6.532835605081974,
            0.253160315273338
        ],
        [
            7.530620889938128,
            0.3380104808989903
        ],
        [
            8.529092630591597,
            0.4346276783844151
        ],
        [
            9.522158890412276,
            0.5398990036394729
        ],
        [
            10.516741229343282,
            0.6567990873580227
        ],
        [
            11.500689332930753,
            0.7843513925130156
        ],
        [
            12.492394372017873,
            0.9220406209948786
        ],
        [
            13.482712017868486,
            1.0707762090685344
        ],
        [
            14.471148352142006,
            1.2314139096545913
        ],
        [
            15.45755066754744,
            1.402969217696505
        ],
        [
            16.441670419902984,
            1.5834109399405203
        ],
        [
            17.424456946360873,
            1.7757419310724447
        ],
        [
            18.394078084532143,
            1.9769680309806654
        ],
        [
            19.374407891882594,
            2.1897151264056607
        ],
        [
            20.350471207623034,
            2.4134813646109876
        ],
        [
            21.324145669723553,
            2.647514854783589
        ],
        [
            22.287124705857856,
            2.891202303162478
        ],
        [
            23.262430673389424,
            3.1474577842052613
        ],
        [
            24.22797815698486,
            3.413026254953556
        ],
        [
            25.190360816814255,
            3.6898333654000943
        ],
        [
            26.142537496979248,
            3.9752067641509385
        ],
        [
            27.09722191238047,
            4.270824586430505
        ],
        [
            28.050255430272212,
            4.578363404098799
        ],
        [
            28.999949487968394,
            4.895908497773017
        ],
        [
            29.941788345941276,
            5.223170399320741
        ],
        [
            30.887782701549217,
            5.561579233778093
        ],
        [
            31.826822785547023,
            5.909509238436771
        ],
        [
            32.75803121859739,
            6.267366657111514
        ],
        [
            33.684276383691774,
            6.6330248057975565
        ],
        [
            34.61141464829958,
            7.01150660842703
        ],
        [
            35.53417062880131,
            7.400509299067108
        ],
        [
            36.44679169242058,
            7.79732245552957
        ],
        [
            37.366163737287366,
            8.207112714632785
        ],
        [
            38.27596412991893,
            8.62558779187717
        ],
        [
            39.17573924573266,
            9.052065273855671
        ],
        [
            40.07337753349506,
            9.487560282571556
        ]
    ],
    "changed_route": false,
    "speed_reduced_by_obj_type": "vehicle.ford.mustang",
    "speed_reduced_by_obj_id": 151,
    "speed_reduced_by_obj_distance": 10.729151725769043,
    "steer": 0.029,
    "throttle": 0.5161127008640501,
    "brake": false,
    "control_brake": false,
    "junction": false,
    "vehicle_hazard": false,
    "vehicle_affecting_id": null,
    "light_hazard": false,
    "walker_hazard": false,
    "walker_affecting_id": null,
    "stop_sign_hazard": false,
    "stop_sign_close": false,
    "walker_close": false,
    "walker_close_id": null,
    "angle": 0.007563261658954897,
    "augmentation_translation": -0.9886421276288048,
    "augmentation_rotation": -10.800163854068643,