{
    "pos_global": [
        176.33238220214844,
        151.3495635986328
    ],
    "theta": 2.1637009819361825,
    "speed": 7.999492168426514,
    "target_speed": 7.965664112990162,
    "speed_limit": 22.22222222222222,
    "target_point": [
        92.3857087974491,
        65.40841020467592
    ],
    "target_point_next": [
        105.6960900191735,
        85.37922986806046
    ],
    "command": 4,
    "next_command": 4,
    "aim_wp": [
        3.000323219553398,
        0.03681345435815906
    ],
    "route": [
        [
            2.500014046968946,
            0.017872863657511524
        ],
        [
            3.499255011802731,
            0.05892935352067859
        ],
        [
            4.499659776160824,
            0.10921893278118995
        ],
        [
            5.4991468754626425,
            0.17146067312874297
        ],
        [
            6.489562490512706,
            0.24358210384561535
        ],
        [
            7.48914450866125,
            0.32804436729315645
        ],
        [
            8.483412479703714,
            0.4212095822021742
        ],
        [
            9.479334147830476,
            0.5259718087951554
        ],
        [
            10.476196653387051,
            0.6428904672742095
        ],
        [
            11.466344130940474,
            0.7682197793924833
        ],
        [
            12.458378651937487,
            0.9050317512367592
        ],
        [
            13.44868351410483,
            1.0536953323212161
        ],
        [
            14.428876670253754,
            1.2119238426198011
        ],
        [
            15.415103878401359,
            1.3803737115486108
        ],
        [
            16.400160089607244,
            1.5607326312482177
        ],
        [
            17.38345516451618,
            1.752383876169737
        ],
        [
            18.363179864874652,
            1.9526460260225325
        ],
        [
            19.34186616746945,
            2.164559901133015
        ],
        [
            20.318327913413473,
            2.38679757693819
        ],
        [
            21.287236733613664,
            2.6195633440499067
        ],
        [
            22.25443466445287,
            2.8612497877665657
        ],
        [
            23.22315401187104,
            3.1150196071519947
        ],
        [
            24.188845057416565,
            3.380091010615908
        ],
        [
            25.144421390467787,
            3.6538550422193037
        ],
        [
            26.110591817505547,
            3.9402533430640503
        ],
        [
            27.06727096754662,
            4.236235157639476
        ],
        [
            28.01398278906285,
            4.541052429933302
        ],
        [
            28.961951824007116,
            4.8558045199985305
        ],
        [
            29.908633354036137,
            5.182310491515509
        ],
        [
            30.851820777777007,
            5.518775418620357
        ],
        [
            31.793243196916578,
            5.8666241451045025
        ],
        [
            32.72836483013991,
            6.223765406280522
        ],
        [
            33.65732899783596,
            6.589927477336241
        ],
        [
            34.58472233148003,
            6.96771565574386
        ],
        [
            35.50499162298615,
            7.354703405304006
        ],
        [
            36.41874745283155,
            7.748753496216463
        ],
        [
            37.33356600759019,
            8.156108980720697
        ],
        [
            38.238446378354205,
            8.571597678418229
        ],
        [
            39.14885509111142,
            8.999729777126197
        ],
        [
            40.05009043979448,
            9.43627112245372
        ]
    ],
    "route_original": [
        [
            2.500014046968946,
            0.017872863657511524
        ],
        [
            3.499255011802731,
            0.05892935352067859
        ],
        [
            4.499659776160824,
            0.10921893278118995
        ],
        [
            5.4991468754626425,
            0.17146067312874297
        ],
        [
            6.489562490512706,
            0.24358210384561535
        ],
        [
            7.48914450866125,
            0.32804436729315645
        ],
        [
            8.483412479703714,
            0.4212095822021742
        ],
        [
            9.479334147830476,
            0.5259718087951554
        ],
        [
            10.476196653387051,
            0.6428904672742095
        ],
        [
            11.466344130940474,
            0.7682197793924833
        ],
        [
            12.458378651937487,
            0.9050317512367592
        ],
        [
            13.44868351410483,
            1.0536953323212161
        ],
        [
            14.428876670253754,
            1.2119238426198011
        ],
        [
            15.415103878401359,
            1.3803737115486108
        ],
        [
            16.400160089607244,
            1.5607326312482177
        ],
        [
            17.38345516451618,
            1.752383876169737
        ],
        [
            18.363179864874652,
            1.9526460260225325
        ],
        [
            19.34186616746945,
            2.164559901133015
        ],
        [
            20.318327913413473,
            2.38679757693819
        ],
        [
            21.287236733613664,
            2.6195633440499067
        ],
        [
            22.25443466445287,
            2.8612497877665657
        ],
        [
            23.22315401187104,
            3.1150196071519947
        ],
        [
            24.188845057416565,
            3.380091010615908
        ],
        [
            25.144421390467787,
            3.6538550422193037
        ],
        [
            26.110591817505547,
            3.9402533430640503
        ],
        [
            27.06727096754662,
            4.236235157639476
        ],
        [
            28.01398278906285,
            4.541052429933302
        ],
        [
            28.961951824007116,
            4.8558045199985305
        ],
        [
            29.908633354036137,
            5.182310491515509
        ],
        [
            30.851820777777007,
            5.518775418620357
        ],
        [
            31.793243196916578,
            5.8666241451045025
        ],
        [
            32.72836483013991,
            6.223765406280522
        ],
        [
            33.65732899783596,
            6.589927477336241
        ],
        [
            34.58472233148003,
            6.96771565574386
        ],
        [
            35.50499162298615,
            7.354703405304006
        ],
        [
            36.41874745283155,
            7.748753496216463
        ],
        [
            37.33356600759019,
            8.156108980720697
        ],
        [
            38.238446378354205,
            8.571597678418229
        ],
        [
            39.14885509111142,
            8.999729777126197
        ],
        [
            40.05009043979448,
            9.43627112245372
        ]
    ],
    "changed_route": false,
    "speed_reduced_by_obj_type": "vehicle.ford.mustang",
    "speed_reduced_by_obj_id": 151,
    "speed_reduced_by_obj_distance": 10.978479385375977,
    "steer": 0.029,
    "throttle": 0.2784754464253015,
    "brake": false,
    "control_brake": false,
    "junction": false,
    "vehicle_hazard": false,
    "vehicle_affecting_id": null,
    "light_hazard": false,
    "walker_hazard": false,
    "walker_affecting_id": null,
    "stop_sign_hazard": false,
    "stop_sign_close": false,
    "walker_close": false,
    "walker_close_id": null,
    "angle": 0.007810824111150313,
    "augmentation_translation": -0.9886421276288048,
    "augmentation_rotation": -10.800163854068643,