{
    "pos_global": [
        157.29335021972656,
        171.70274353027344
    ],
    "theta": 2.465781374773707,
    "speed": 8.345487594604492,
    "target_speed": 8.26926977572371,
    "speed_limit": 22.22222222222222,
    "target_point": [
        80.07612971084795,
        38.93134455588713
    ],
    "target_point_next": [
        98.72527132979842,
        54.03794586694941
    ],
    "command": 4,
    "next_command": 4,
    "aim_wp": [
        3.110738925848314,
        0.043085525942838286
    ],
    "route": [
        [
            2.5103510186429774,
            0.019675117358295423
        ],
        [
            3.5109312461093873,
            0.060299886623880354
        ],
        [
            4.513213149513943,
            0.11231809384963419
        ],
        [
            5.512244163455818,
            0.1750825944765304
        ],
        [
            6.508080278678064,
            0.2482913286692083
        ],
        [
            7.50587553660023,
            0.3330670698930134
        ],
        [
            8.49960626888169,
            0.4287452749250492
        ],
        [
            9.489219567772542,
            0.5331038365428528
        ],
        [
            10.48380591926865,
            0.6498491503846539
        ],
        [
            11.47132377966754,
            0.7773160821811785
        ],
        [
            12.467881157477594,
            0.9152091963700114
        ],
        [
            13.458182354665215,
            1.0638599237311583
        ],
        [
            14.446898096461128,
            1.2229579894586775
        ],
        [
            15.428728967708064,
            1.3926806184732934
        ],
        [
            16.41333902089083,
            1.573197483542894
        ],
        [
            17.392287302704617,
            1.7641494123078612
        ],
        [
            18.376722014024146,
            1.9679759711614104
        ],
        [
            19.350629427613203,
            2.17888619152103
        ],
        [
            20.32667782283529,
            2.4025524088208736
        ],
        [
            21.300379166057727,
            2.636515733726369
        ],
        [
            22.271517927434566,
            2.8806956753044983
        ],
        [
            23.232729892263688,
            3.1345836542216903
        ],
        [
            24.19650734835434,
            3.3985134866535653
        ],
        [
            25.15939672657907,
            3.673727892914261
        ],
        [
            26.120390470192653,
            3.96115302916044
        ],
        [
            27.074529552205824,
            4.256070752775135
        ],
        [
            28.027606203078133,
            4.563463565301213
        ],
        [
            28.977332240479676,
            4.880951832166102
        ],
        [
            29.914775099518483,
            5.206166775068607
        ],
        [
            30.857618631896827,
            5.542889949544564
        ],
        [
            31.796707294885223,
            5.890687973587637
        ],
        [
            32.731423881953354,
            6.249319072225242
        ],
        [
            33.662296487316105,
            6.616274581897993
        ],
        [
            34.58968491680927,
            6.994076841864911
        ],
        [
            35.50825114447253,
            7.37972472531429
        ],
        [
            36.42654983170903,
            7.778262050775291
        ],
        [
            37.33781988027139,
            8.184062316023732
        ],
        [
            38.24767985437638,
            8.602400615031845
        ],
        [
            39.153050804335344,
            9.030293037539039
        ],
        [
            40.05662912323181,
            9.470042445068012
        ]
    ],
    "route_original": [
        [
            2.5103510186429774,
            0.019675117358295423
        ],
        [
            3.5109312461093873,
            0.060299886623880354
        ],
        [
            4.513213149513943,
            0.11231809384963419
        ],
        [
            5.512244163455818,
            0.1750825944765304
        ],
        [
            6.508080278678064,
            0.2482913286692083
        ],
        [
            7.50587553660023,
            0.3330670698930134
        ],
        [
            8.49960626888169,
            0.4287452749250492
        ],
        [
            9.489219567772542,
            0.5331038365428528
        ],
        [
            10.48380591926865,
            0.6498491503846539
        ],
        [
            11.47132377966754,
            0.7773160821811785
        ],
        [
            12.467881157477594,
            0.9152091963700114
        ],
        [
            13.458182354665215,
            1.0638599237311583
        ],
        [
            14.446898096461128,
            1.2229579894586775
        ],
        [
            15.428728967708064,
            1.3926806184732934
        ],
        [
            16.41333902089083,
            1.573197483542894
        ],
        [
            17.392287302704617,
            1.7641494123078612
        ],
        [
            18.376722014024146,
            1.9679759711614104
        ],
        [
            19.350629427613203,
            2.17888619152103
        ],
        [
            20.32667782283529,
            2.4025524088208736
        ],
        [
            21.300379166057727,
            2.636515733726369
        ],
        [
            22.271517927434566,
            2.8806956753044983
        ],
        [
            23.232729892263688,
            3.1345836542216903
        ],
        [
            24.19650734835434,
            3.3985134866535653
        ],
        [
            25.15939672657907,
            3.673727892914261
        ],
        [
            26.120390470192653,
            3.96115302916044
        ],
        [
            27.074529552205824,
            4.256070752775135
        ],
        [
            28.027606203078133,
            4.563463565301213
        ],
        [
            28.977332240479676,
            4.880951832166102
        ],
        [
            29.914775099518483,
            5.206166775068607
        ],
        [
            30.857618631896827,
            5.542889949544564
        ],
        [
            31.796707294885223,
            5.890687973587637
        ],
        [
            32.731423881953354,
            6.249319072225242
        ],
        [
            33.662296487316105,
            6.616274581897993
        ],
        [
            34.58968491680927,
            6.994076841864911
        ],
        [
            35.50825114447253,
            7.37972472531429
        ],
        [
            36.42654983170903,
            7.778262050775291
        ],
        [
            37.33781988027139,
            8.184062316023732
        ],
        [
            38.24767985437638,
            8.602400615031845
        ],
        [
            39.153050804335344,
            9.030293037539039
        ],
        [
            40.05662912323181,
            9.470042445068012
        ]
    ],
    "changed_route": false,
    "speed_reduced_by_obj_type": "vehicle.ford.mustang",
    "speed_reduced_by_obj_id": 151,
    "speed_reduced_by_obj_distance": 11.047588348388672,
    "steer": 0.033,
    "throttle": 0.28750479832898956,
    "brake": false,
    "control_brake": false,
    "junction": false,
    "vehicle_hazard": false,
    "vehicle_affecting_id": null,
    "light_hazard": false,
    "walker_hazard": false,
    "walker_affecting_id": null,
    "stop_sign_hazard": false,
    "stop_sign_close": false,
    "walker_close": false,
    "walker_close_id": null,
    "angle": 0.008816986763747342,
    "augmentation_translation": -0.9886421276288048,
    "augmentation_rotation": -10.800163854068643,