{
    "pos_global": [
        139.00477600097656,
        182.90931701660156
    ],
    "theta": 2.7032515247676034,
    "speed": 11.722790718078613,
    "target_speed": 11.5654559616929,
    "speed_limit": 22.22222222222222,
    "target_point": [
        65.67126319270946,
        21.386016631656634
    ],
    "target_point_next": [
        87.35078467428106,
        31.681561038104288
    ],
    "command": 4,
    "next_command": 4,
    "aim_wp": [
        4.302306974400707,
        0.05253587124880852
    ],
    "route": [
        [
            2.5004957613224748,
            -0.021099851737488993
        ],
        [
            3.5012658801160876,
            0.015371333834460035
        ],
        [
            4.497632196136273,
            0.06298043016746095
        ],
        [
            5.500287014600507,
            0.1200959388755709
        ],
        [
            6.4992983646603975,
            0.18872582323397383
        ],
        [
            7.4975877957336445,
            0.26787911188037955
        ],
        [
            8.494900899750883,
            0.3575315950673358
        ],
        [
            9.487607099615529,
            0.45900871833423523
        ],
        [
            10.477109466583393,
            0.5692777529590243
        ],
        [
            11.465120671683547,
            0.6918848651008779
        ],
        [
            12.462508292722061,
            0.8249684482485994
        ],
        [
            13.453341936319305,
            0.9695318834542986
        ],
        [
            14.442703070026065,
            1.124522019022869
        ],
        [
            15.43059093840984,
            1.2908528920243612
        ],
        [
            16.415141125491605,
            1.4658844542660463
        ],
        [
            17.39075925280547,
            1.650999026229177
        ],
        [
            18.37261843888146,
            1.8480092966633794
        ],
        [
            19.35024100302981,
            2.0551195663014163
        ],
        [
            20.327033521490442,
            2.2741204850927494
        ],
        [
            21.303360854667368,
            2.5030597275229907
        ],
        [
            22.273992392435918,
            2.7431957275350927
        ],
        [
            23.244353279715646,
            2.992700640853832
        ],
        [
            24.20300189234869,
            3.251595366185308
        ],
        [
            25.166990835680682,
            3.5228326279092466
        ],
        [
            26.129249971994966,
            3.8055502300296076
        ],
        [
            27.084975950748447,
            4.095840020597731
        ],
        [
            28.039709923792625,
            4.397918925569829
        ],
        [
            28.991250839195885,
            4.710037967162211
        ],
        [
            29.9304405533282,
            5.029756084159235
        ],
        [
            30.87444547423783,
            5.362787973478235
        ],
        [
            31.815550383658742,
            5.70584114811038
        ],
        [
            32.751890685078486,
            6.059879450512056
        ],
        [
            33.68471459378035,
            6.422351320088322
        ],
        [
            34.61362519080261,
            6.79629415528693
        ],
        [
            35.53861142657391,
            7.180020101299148
        ],
        [
            36.45945035970756,
            7.57344554962555
        ],
        [
            37.365008090775966,
            7.9730425241372584
        ],
        [
            38.279371388703346,
            8.386447300633483
        ],
        [
            39.19060289500908,
            8.81088604833339
        ],
        [
            40.0942768735632,
            9.239570160227716
        ]
    ],
    "route_original": [
        [
            2.5004957613224748,
            -0.021099851737488993
        ],
        [
            3.5012658801160876,
            0.015371333834460035
        ],
        [
            4.497632196136273,
            0.06298043016746095
        ],
        [
            5.500287014600507,
            0.1200959388755709
        ],
        [
            6.4992983646603975,
            0.18872582323397383
        ],
        [
            7.4975877957336445,
            0.26787911188037955
        ],
        [
            8.494900899750883,
            0.3575315950673358
        ],
        [
            9.487607099615529,
            0.45900871833423523
        ],
        [
            10.477109466583393,
            0.5692777529590243
        ],
        [
            11.465120671683547,
            0.6918848651008779
        ],
        [
            12.462508292722061,
            0.8249684482485994
        ],
        [
            13.453341936319305,
            0.9695318834542986
        ],
        [
            14.442703070026065,
            1.124522019022869
        ],
        [
            15.43059093840984,
            1.2908528920243612
        ],
        [
            16.415141125491605,
            1.4658844542660463
        ],
        [
            17.39075925280547,
            1.650999026229177
        ],
        [
            18.37261843888146,
            1.8480092966633794
        ],
        [
            19.35024100302981,
            2.0551195663014163
        ],
        [
            20.327033521490442,
            2.2741204850927494
        ],
        [
            21.303360854667368,
            2.5030597275229907
        ],
        [
            22.273992392435918,
            2.7431957275350927
        ],
        [
            23.244353279715646,
            2.992700640853832
        ],
        [
            24.20300189234869,
            3.251595366185308
        ],
        [
            25.166990835680682,
            3.5228326279092466
        ],
        [
            26.129249971994966,
            3.8055502300296076
        ],
        [
            27.084975950748447,
            4.095840020597731
        ],
        [
            28.039709923792625,
            4.397918925569829
        ],
        [
            28.991250839195885,
            4.710037967162211
        ],
        [
            29.9304405533282,
            5.029756084159235
        ],
        [
            30.87444547423783,
            5.362787973478235
        ],
        [
            31.815550383658742,
            5.70584114811038
        ],
        [
            32.751890685078486,
            6.059879450512056
        ],
        [
            33.68471459378035,
            6.422351320088322
        ],
        [
            34.61362519080261,
            6.79629415528693
        ],
        [
            35.53861142657391,
            7.180020101299148
        ],
        [
            36.45945035970756,
            7.57344554962555
        ],
        [
            37.365008090775966,
            7.9730425241372584
        ],
        [
            38.279371388703346,
            8.386447300633483
        ],
        [
            39.19060289500908,
            8.81088604833339
        ],
        [
            40.0942768735632,
            9.239570160227716
        ]
    ],
    "changed_route": false,
    "speed_reduced_by_obj_type": "vehicle.ford.mustang",
    "speed_reduced_by_obj_id": 151,
    "speed_reduced_by_obj_distance": 14.70360279083252,
    "steer": 0.029,
    "throttle": 0.36251006163828076,
    "brake": false,
    "control_brake": false,
    "junction": false,
    "vehicle_hazard": false,
    "vehicle_affecting_id": null,
    "light_hazard": false,
    "walker_hazard": false,
    "walker_affecting_id": null,
    "stop_sign_hazard": false,
    "stop_sign_close": false,
    "walker_close": false,
    "walker_close_id": null,
    "angle": 0.007773436992707837,
    "augmentation_translation": -0.9886421276288048,
    "augmentation_rotation": -10.800163854068643,