{
    "pos_global": [
        101.86082458496094,
        191.51724243164062
    ],
    "theta": 3.113792105517115,
    "speed": 7.936474323272705,
    "target_speed": 8.377303567226758,
    "speed_limit": 13.88888888888889,
    "target_point": [
        31.38071761294798,
        0.9713274384337902
    ],
    "target_point_next": [
        55.367787512913836,
        1.758959274517135
    ],
    "command": 4,
    "next_command": 4,
    "aim_wp": [
        2.8827588087391494,
        0.03557447029302315
    ],
    "route": [
        [
            2.475672394160446,
            0.02221405023935855
        ],
        [
            3.4806615075202147,
            0.05520166147582786
        ],
        [
            4.480120159598627,
            0.08802143972326244
        ],
        [
            5.479578667466699,
            0.12084640395428367
        ],
        [
            6.479042492968632,
            0.1536612887159167
        ],
        [
            7.478511504454151,
            0.18647631768788964
        ],
        [
            8.477970156532564,
            0.2192960959353242
        ],
        [
            9.477428664400636,
            0.2521210601663454
        ],
        [
            10.476887456447908,
            0.2849358049591191
        ],
        [
            11.476351281949839,
            0.3177506897207521
        ],
        [
            12.475820293435358,
            0.350565718692725
        ],
        [
            13.47527894551377,
            0.3833854969401596
        ],
        [
            14.474737453381842,
            0.4162104611711808
        ],
        [
            15.474196245429114,
            0.44902520596395445
        ],
        [
            16.473655037476384,
            0.4818399507567281
        ],
        [
            17.47311634625099,
            0.5146547655339314
        ],
        [
            18.472582624775853,
            0.5474747558553954
        ],
        [
            19.472043725635718,
            0.5802997921915866
        ],
        [
            20.471499924691198,
            0.6131144648791902
        ],
        [
            21.470961309730264,
            0.6459292817771338
        ],
        [
            22.470417508785715,
            0.6787439544647367
        ],
        [
            23.46988630403791,
            0.7115640147706302
        ],
        [
            24.469352514616897,
            0.744389193196421
        ],
        [
            25.468806196945046,
            0.7772037958995951
        ],
        [
            26.46826498899232,
            0.8100185406923688
        ],
        [
            27.46772629776692,
            0.8428333554695722
        ],
        [
            28.46719005956446,
            0.8756532758066063
        ],
        [
            29.46665108415986,
            0.9084783100220573
        ],
        [
            30.466114985926257,
            0.9412931969044305
        ],
        [
            31.465571261246193,
            0.9741078717127745
        ],
        [
            32.46502746030167,
            1.0069225444003782
        ],
        [
            33.46449373882654,
            1.039742534721842
        ],
        [
            34.46395735641374,
            1.072567641042463
        ],
        [
            35.46341614846101,
            1.1053823858352365
        ],
        [
            36.46287494050828,
            1.13819713062801
        ],
        [
            37.46233624928288,
            1.1710119454052135
        ],
        [
            38.46180001108041,
            1.2038318657422478
        ],
        [
            39.461261035675825,
            1.2366568999576986
        ],
        [
            40.46072242071489,
            1.2694717168556422
        ],
        [
            41.46017861977036,
            1.302286389543246
        ]
    ],
    "route_original": [
        [
            2.475672394160446,
            0.02221405023935855
        ],
        [
            3.4806615075202147,
            0.05520166147582786
        ],
        [
            4.480120159598627,
            0.08802143972326244
        ],
        [
            5.479578667466699,
            0.12084640395428367
        ],
        [
            6.479042492968632,
            0.1536612887159167
        ],
        [
            7.478511504454151,
            0.18647631768788964
        ],
        [
            8.477970156532564,
            0.2192960959353242
        ],
        [
            9.477428664400636,
            0.2521210601663454
        ],
        [
            10.476887456447908,
            0.2849358049591191
        ],
        [
            11.476351281949839,
            0.3177506897207521
        ],
        [
            12.475820293435358,
            0.350565718692725
        ],
        [
            13.47527894551377,
            0.3833854969401596
        ],
        [
            14.474737453381842,
            0.4162104611711808
        ],
        [
            15.474196245429114,
            0.44902520596395445
        ],
        [
            16.473655037476384,
            0.4818399507567281
        ],
        [
            17.47311634625099,
            0.5146547655339314
        ],
        [
            18.472582624775853,
            0.5474747558553954
        ],
        [
            19.472043725635718,
            0.5802997921915866
        ],
        [
            20.471499924691198,
            0.6131144648791902
        ],
        [
            21.470961309730264,
            0.6459292817771338
        ],
        [
            22.470417508785715,
            0.6787439544647367
        ],
        [
            23.46988630403791,
            0.7115640147706302
        ],
        [
            24.469352514616897,
            0.744389193196421
        ],
        [
            25.468806196945046,
            0.7772037958995951
        ],
        [
            26.46826498899232,
            0.8100185406923688
        ],
        [
            27.46772629776692,
            0.8428333554695722
        ],
        [
            28.46719005956446,
            0.8756532758066063
        ],
        [
            29.46665108415986,
            0.9084783100220573
        ],
        [
            30.466114985926257,
            0.9412931969044305
        ],
        [
            31.465571261246193,
            0.9741078717127745
        ],
        [
            32.46502746030167,
            1.0069225444003782
        ],
        [
            33.46449373882654,
            1.039742534721842
        ],
        [
            34.46395735641374,
            1.072567641042463
        ],
        [
            35.46341614846101,
            1.1053823858352365
        ],
        [
            36.46287494050828,
            1.13819713062801
        ],
        [
            37.46233624928288,
            1.1710119454052135
        ],
        [
            38.46180001108041,
            1.2038318657422478
        ],
        [
            39.461261035675825,
            1.2366568999576986
        ],
        [
            40.46072242071489,
            1.2694717168556422
        ],
        [
            41.46017861977036,
            1.302286389543246
        ]
    ],
    "changed_route": false,
    "speed_reduced_by_obj_type": "vehicle.ford.mustang",
    "speed_reduced_by_obj_id": 151,
    "speed_reduced_by_obj_distance": 17.705520629882812,
    "steer": 0.03,
    "throttle": 1.0,
    "brake": false,
    "control_brake": false,
    "junction": false,
    "vehicle_hazard": false,
    "vehicle_affecting_id": null,
    "light_hazard": false,
    "walker_hazard": false,
    "walker_affecting_id": null,
    "stop_sign_hazard": false,
    "stop_sign_close": false,
    "walker_close": false,
    "walker_close_id": null,
    "angle": 0.007855760109992452,
    "augmentation_translation": -0.9886421276288048,
    "augmentation_rotation": -10.800163854068643,