{
    "pos_global": [
        62.11737060546875,
        191.37661743164062
    ],
    "theta": -3.1387425859703324,
    "speed": 4.413269996643066,
    "target_speed": 4.421552037146414,
    "speed_limit": 27.77777777777778,
    "target_point": [
        15.651993020963484,
        0.03398898240867181
    ],
    "target_point_next": [
        15.651993020963484,
        0.03398898240867181
    ],
    "command": 4,
    "next_command": 4,
    "aim_wp": [
        2.4369230443654084,
        0.005260140677752694
    ],
    "route": [
        [
            2.5369229289380604,
            0.005478675557256762
        ],
        [
            3.536921769011442,
            0.0076620407177622005
        ],
        [
            4.536920075341183,
            0.009832132199088926
        ],
        [
            5.5369160547150384,
            0.012002230312415228
        ],
        [
            6.536917679817919,
            0.014172312334988483
        ],
        [
            7.536912673028023,
            0.016344396909602883
        ],
        [
            8.536908194328259,
            0.018527771528861814
        ],
        [
            9.536906996566625,
            0.02069786159681159
        ],
        [
            10.536905302896367,
            0.022867953078138315
        ],
        [
            11.536900786361588,
            0.02503805260484159
        ],
        [
            12.536899098344838,
            0.0272101277207025
        ],
        [
            13.536894619645073,
            0.029393502339961422
        ],
        [
            14.536893421883441,
            0.031563592407911206
        ],
        [
            15.536892224121809,
            0.033733682475860984
        ],
        [
            16.53689053045155,
            0.035903773957187704
        ],
        [
            17.53688601957028,
            0.03807585711842516
        ],
        [
            18.53688485964366,
            0.040259222278930605
        ],
        [
            19.536883661882026,
            0.04242931234688038
        ],
        [
            20.536881968211773,
            0.04459940382820711
        ],
        [
            21.536877451676993,
            0.046769503354910376
        ],
        [
            22.536876259568867,
            0.04894157705739434
        ],
        [
            23.53687509964225,
            0.05112494221789978
        ],
        [
            24.536873405971992,
            0.053295033699226495
        ],
        [
            25.536868889437212,
            0.055465133225929775
        ],
        [
            26.536867691675578,
            0.05763522329387956
        ],
        [
            27.53686600365883,
            0.05980729840974047
        ],
        [
            28.53686152495907,
            0.06199067302899939
        ],
        [
            29.536860327197434,
            0.06416076309694918
        ],
        [
            30.536858633527174,
            0.06633085457827591
        ],
        [
            31.536854122645906,
            0.06850293773951335
        ],
        [
            32.53685296271929,
            0.07068630290001879
        ],
        [
            33.53685151700334,
            0.07285639367465704
        ],
        [
            34.53684841190082,
            0.07502648917867204
        ],
        [
            35.53684555475262,
            0.07719658397599856
        ],
        [
            36.536844114690176,
            0.079368658385171
        ],
        [
            37.536841047422676,
            0.08155202898174166
        ],
        [
            38.536838190274466,
            0.08372212377906818
        ],
        [
            39.53683674455852,
            0.08589221455370644
        ],
        [
            40.536833639456006,
            0.08806231005772143
        ],
        [
            41.53683078796131,
            0.09023438848958214
        ]
    ],
    "route_original": [
        [
            2.5369229289380604,
            0.005478675557256762
        ],
        [
            3.536921769011442,
            0.0076620407177622005
        ],
        [
            4.536920075341183,
            0.009832132199088926
        ],
        [
            5.5369160547150384,
            0.012002230312415228
        ],
        [
            6.536917679817919,
            0.014172312334988483
        ],
        [
            7.536912673028023,
            0.016344396909602883
        ],
        [
            8.536908194328259,
            0.018527771528861814
        ],
        [
            9.536906996566625,
            0.02069786159681159
        ],
        [
            10.536905302896367,
            0.022867953078138315
        ],
        [
            11.536900786361588,
            0.02503805260484159
        ],
        [
            12.536899098344838,
            0.0272101277207025
        ],
        [
            13.536894619645073,
            0.029393502339961422
        ],
        [
            14.536893421883441,
            0.031563592407911206
        ],
        [
            15.536892224121809,
            0.033733682475860984
        ],
        [
            16.53689053045155,
            0.035903773957187704
        ],
        [
            17.53688601957028,
            0.03807585711842516
        ],
        [
            18.53688485964366,
            0.040259222278930605
        ],
        [
            19.536883661882026,
            0.04242931234688038
        ],
        [
            20.536881968211773,
            0.04459940382820711
        ],
        [
            21.536877451676993,
            0.046769503354910376
        ],
        [
            22.536876259568867,
            0.04894157705739434
        ],
        [
            23.53687509964225,
            0.05112494221789978
        ],
        [
            24.536873405971992,
            0.053295033699226495
        ],
        [
            25.536868889437212,
            0.055465133225929775
        ],
        [
            26.536867691675578,
            0.05763522329387956
        ],
        [
            27.53686600365883,
            0.05980729840974047
        ],
        [
            28.53686152495907,
            0.06199067302899939
        ],
        [
            29.536860327197434,
            0.06416076309694918
        ],
        [
            30.536858633527174,
            0.06633085457827591
        ],
        [
            31.536854122645906,
            0.06850293773951335
        ],
        [
            32.53685296271929,
            0.07068630290001879
        ],
        [
            33.53685151700334,
            0.07285639367465704
        ],
        [
            34.53684841190082,
            0.07502648917867204
        ],
        [
            35.53684555475262,
            0.07719658397599856
        ],
        [
            36.536844114690176,
            0.079368658385171
        ],
        [
            37.536841047422676,
            0.08155202898174166
        ],
        [
            38.536838190274466,
            0.08372212377906818
        ],
        [
            39.53683674455852,
            0.08589221455370644
        ],
        [
            40.536833639456006,
            0.08806231005772143
        ],
        [
            41.53683078796131,
            0.09023438848958214
        ]
    ],
    "changed_route": false,
    "speed_reduced_by_obj_type": "vehicle.ford.mustang",
    "speed_reduced_by_obj_id": 151,
    "speed_reduced_by_obj_distance": 10.071481704711914,
    "steer": 0.006,
    "throttle": 0.22123790695901613,
    "brake": false,
    "control_brake": false,
    "junction": false,
    "vehicle_hazard": false,
    "vehicle_affecting_id": null,
    "light_hazard": false,
    "walker_hazard": false,
    "walker_affecting_id": null,
    "stop_sign_hazard": false,
    "stop_sign_close": false,
    "walker_close": false,
    "walker_close_id": null,
    "angle": 0.0013741526913965036,