{
    "pos_global": [
        60.36414337158203,
        191.36680603027344
    ],
    "theta": -3.1373697717918656,
    "speed": 2.8987469136154687e-7,
    "target_speed": 0.0,
    "speed_limit": 27.77777777777778,
    "target_point": [
        13.898771898727691,
        0.010094014673057839
    ],
    "target_point_next": [
        13.898771898727691,
        0.010094014673057839
    ],
    "command": 4,
    "next_command": 4,
    "aim_wp": [
        2.3836764243675783,
        0.0008771997060653122
    ],
    "route": [
        [
            2.4836765082735153,
            0.0009569272980807422
        ],
        [
            3.483674181162754,
            0.001754216588619883
        ],
        [
            4.48367753790024,
            0.002551481876797044
        ],
        [
            5.48367585928223,
            0.003348768428811666
        ],
        [
            6.48367293716049,
            0.004158725139874566
        ],
        [
            7.483673138681573,
            0.0049585977695055
        ],
        [
            8.483673977741311,
            0.005755873689601395
        ],
        [
            9.483671650630551,
            0.006553162980140535
        ],
        [
            10.483671841197536,
            0.007350441638760942
        ],
        [
            11.483669567568548,
            0.008160395611299325
        ],
        [
            12.483669769089632,
            0.00896026824093026
        ],
        [
            13.483670608149371,
            0.009757544161026149
        ],
        [
            14.48367144720911,
            0.010554820081122044
        ],
        [
            15.483669120098346,
            0.011352109371661178
        ],
        [
            16.483669364147104,
            0.01216205271228084
        ],
        [
            17.48367021416094,
            0.01296192260338725
        ],
        [
            18.483671053220682,
            0.013759198523483139
        ],
        [
            19.48366872610992,
            0.01455648781402228
        ],
        [
            20.483668916676905,
            0.015353766472642687
        ],
        [
            21.483669809218416,
            0.016163707074737816
        ],
        [
            22.483670659232253,
            0.01696357696584424
        ],
        [
            23.483668332121493,
            0.01776086625638338
        ],
        [
            24.483668522688475,
            0.018558144915003787
        ],
        [
            25.483669361748216,
            0.019355420835099675
        ],
        [
            26.483667088119226,
            0.020165374807638057
        ],
        [
            27.483667289640312,
            0.020965247437268988
        ],
        [
            28.48366812870005,
            0.02176252335736489
        ],
        [
            29.48366580158929,
            0.02255981264790403
        ],
        [
            30.483666045638046,
            0.02336975598852368
        ],
        [
            31.483666895651883,
            0.02416962587963009
        ],
        [
            32.48366615162637,
            0.02496690848494763
        ],
        [
            33.48366508335448,
            0.025764192459527404
        ],
        [
            34.483665598167846,
            0.026561469748885524
        ],
        [
            35.4836649076241,
            0.027371417036202307
        ],
        [
            36.483663850306314,
            0.028171294981792605
        ],
        [
            37.48366436511968,
            0.028968572271150753
        ],
        [
            38.48366362109416,
            0.029765854876468267
        ],
        [
            39.483662552822274,
            0.03056313885104804
        ],
        [
            40.48366312111742,
            0.031373080822405426
        ],
        [
            41.483662388046,
            0.032172957398733465
        ]
    ],
    "route_original": [
        [
            2.4836765082735153,
            0.0009569272980807422
        ],
        [
            3.483674181162754,
            0.001754216588619883
        ],
        [
            4.48367753790024,
            0.002551481876797044
        ],
        [
            5.48367585928223,
            0.003348768428811666
        ],
        [
            6.48367293716049,
            0.004158725139874566
        ],
        [
            7.483673138681573,
            0.0049585977695055
        ],
        [
            8.483673977741311,
            0.005755873689601395
        ],
        [
            9.483671650630551,
            0.006553162980140535
        ],
        [
            10.483671841197536,
            0.007350441638760942
        ],
        [
            11.483669567568548,
            0.008160395611299325
        ],
        [
            12.483669769089632,
            0.00896026824093026
        ],
        [
            13.483670608149371,
            0.009757544161026149
        ],
        [
            14.48367144720911,
            0.010554820081122044
        ],
        [
            15.483669120098346,
            0.011352109371661178
        ],
        [
            16.483669364147104,
            0.01216205271228084
        ],
        [
            17.48367021416094,
            0.01296192260338725
        ],
        [
            18.483671053220682,
            0.013759198523483139
        ],
        [
            19.48366872610992,
            0.01455648781402228
        ],
        [
            20.483668916676905,
            0.015353766472642687
        ],
        [
            21.483669809218416,
            0.016163707074737816
        ],
        [
            22.483670659232253,
            0.01696357696584424
        ],
        [
            23.483668332121493,
            0.01776086625638338
        ],
        [
            24.483668522688475,
            0.018558144915003787
        ],
        [
            25.483669361748216,
            0.019355420835099675
        ],
        [
            26.483667088119226,
            0.020165374807638057
        ],
        [
            27.483667289640312,
            0.020965247437268988
        ],
        [
            28.48366812870005,
            0.02176252335736489
        ],
        [
            29.48366580158929,
            0.02255981264790403
        ],
        [
            30.483666045638046,
            0.02336975598852368
        ],
        [
            31.483666895651883,
            0.02416962587963009
        ],
        [
            32.48366615162637,
            0.02496690848494763
        ],
        [
            33.48366508335448,
            0.025764192459527404
        ],
        [
            34.483665598167846,
            0.026561469748885524
        ],
        [
            35.4836649076241,
            0.027371417036202307
        ],
        [
            36.483663850306314,
            0.028171294981792605
        ],
        [
            37.48366436511968,
            0.028968572271150753
        ],
        [
            38.48366362109416,
            0.029765854876468267
        ],
        [
            39.483662552822274,
            0.03056313885104804
        ],
        [
            40.48366312111742,
            0.031373080822405426
        ],
        [
            41.483662388046,
            0.032172957398733465
        ]
    ],
    "changed_route": false,
    "speed_reduced_by_obj_type": "vehicle.ford.mustang",
    "speed_reduced_by_obj_id": 151,
    "speed_reduced_by_obj_distance": 8.55334186553955,
    "steer": 0.001,
    "throttle": 0.0,
    "brake": true,
    "control_brake": true,
    "junction": false,
    "vehicle_hazard": false,
    "vehicle_affecting_id": null,
    "light_hazard": false,
    "walker_hazard": false,
    "walker_affecting_id": null,
    "stop_sign_hazard": false,
    "stop_sign_close": false,
    "walker_close": false,
    "walker_close_id": null,
    "angle": 0.00023427787692917887,