{
    "pos_global": [
        60.343509674072266,
        191.36676025390625
    ],
    "theta": -3.1372639139427445,
    "speed": 2.2925232201487233e-7,
    "target_speed": 0.0,
    "speed_limit": 27.77777777777778,
    "target_point": [
        13.87813918703791,
        0.008666262207852183
    ],
    "target_point_next": [
        13.87813918703791,
        0.008666262207852183
    ],
    "command": 4,
    "next_command": 4,
    "aim_wp": [
        2.363042801524004,
        0.0006684105295641558
    ],
    "route": [
        [
            2.4630428933094377,
            0.000737552327358434
        ],
        [
            3.463040644995077,
            0.0014289840108499597
        ],
        [
            4.46304408052639,
            0.00212039109029969
        ],
        [
            5.4630424807044875,
            0.002811819966618664
        ],
        [
            6.463039638720096,
            0.003515919133549558
        ],
        [
            7.463039919311032,
            0.004209933888442877
        ],
        [
            8.463040837165737,
            0.004901351866327224
        ],
        [
            9.463038588851376,
            0.005592783549818755
        ],
        [
            10.463038858213622,
            0.006284204334875659
        ],
        [
            11.46303666472169,
            0.006988300694634
        ],
        [
            12.463036945312625,
            0.007682315449527315
        ],
        [
            13.463037863167331,
            0.00837373342741167
        ],
        [
            14.463038781022037,
            0.009065151405296023
        ],
        [
            15.463036532707676,
            0.00975658308878754
        ],
        [
            16.46303685689235,
            0.01046066855011126
        ],
        [
            17.463037785975747,
            0.011154680497832026
        ],
        [
            18.463038703830453,
            0.01184609847571638
        ],
        [
            19.46303645551609,
            0.01253753015920791
        ],
        [
            20.463036724878336,
            0.013228950944264815
        ],
        [
            21.46303769755547,
            0.013933033598415986
        ],
        [
            22.463038626638866,
            0.014627045546136738
        ],
        [
            23.463036378324507,
            0.015318477229628268
        ],
        [
            24.463036647686753,
            0.01600989801468517
        ],
        [
            25.46303756554146,
            0.016701315992569528
        ],
        [
            26.463035372049525,
            0.017405412352327874
        ],
        [
            27.46303565264046,
            0.018099427107221188
        ],
        [
            28.463036570495166,
            0.01879084508510553
        ],
        [
            29.463034322180807,
            0.019482276768597075
        ],
        [
            30.463034646365482,
            0.02018636222992078
        ],
        [
            31.463035575448878,
            0.020880374177641534
        ],
        [
            32.463034910219044,
            0.021571799008329503
        ],
        [
            33.46303392074299,
            0.02226322524260372
        ],
        [
            34.46303451435147,
            0.022954644624074337
        ],
        [
            35.463033903944066,
            0.023658734131029095
        ],
        [
            36.4630329256967,
            0.024352754335139722
        ],
        [
            37.46303351930517,
            0.02504417371661034
        ],
        [
            38.463032854075344,
            0.02573559854729828
        ],
        [
            39.46303186459929,
            0.026427024781572498
        ],
        [
            40.46303251303019,
            0.02713110883930993
        ],
        [
            41.46303185902905,
            0.027825127639834312
        ]
    ],
    "route_original": [
        [
            2.4630428933094377,
            0.000737552327358434
        ],
        [
            3.463040644995077,
            0.0014289840108499597
        ],
        [
            4.46304408052639,
            0.00212039109029969
        ],
        [
            5.4630424807044875,
            0.002811819966618664
        ],
        [
            6.463039638720096,
            0.003515919133549558
        ],
        [
            7.463039919311032,
            0.004209933888442877
        ],
        [
            8.463040837165737,
            0.004901351866327224
        ],
        [
            9.463038588851376,
            0.005592783549818755
        ],
        [
            10.463038858213622,
            0.006284204334875659
        ],
        [
            11.46303666472169,
            0.006988300694634
        ],
        [
            12.463036945312625,
            0.007682315449527315
        ],
        [
            13.463037863167331,
            0.00837373342741167
        ],
        [
            14.463038781022037,
            0.009065151405296023
        ],
        [
            15.463036532707676,
            0.00975658308878754
        ],
        [
            16.46303685689235,
            0.01046066855011126
        ],
        [
            17.463037785975747,
            0.011154680497832026
        ],
        [
            18.463038703830453,
            0.01184609847571638
        ],
        [
            19.46303645551609,
            0.01253753015920791
        ],
        [
            20.463036724878336,
            0.013228950944264815
        ],
        [
            21.46303769755547,
            0.013933033598415986
        ],
        [
            22.463038626638866,
            0.014627045546136738
        ],
        [
            23.463036378324507,
            0.015318477229628268
        ],
        [
            24.463036647686753,
            0.01600989801468517
        ],
        [
            25.46303756554146,
            0.016701315992569528
        ],
        [
            26.463035372049525,
            0.017405412352327874
        ],
        [
            27.46303565264046,
            0.018099427107221188
        ],
        [
            28.463036570495166,
            0.01879084508510553
        ],
        [
            29.463034322180807,
            0.019482276768597075
        ],
        [
            30.463034646365482,
            0.02018636222992078
        ],
        [
            31.463035575448878,
            0.020880374177641534
        ],
        [
            32.463034910219044,
            0.021571799008329503
        ],
        [
            33.46303392074299,
            0.02226322524260372
        ],
        [
            34.46303451435147,
            0.022954644624074337
        ],
        [
            35.463033903944066,
            0.023658734131029095
        ],
        [
            36.4630329256967,
            0.024352754335139722
        ],
        [
            37.46303351930517,
            0.02504417371661034
        ],
        [
            38.463032854075344,
            0.02573559854729828
        ],
        [
            39.46303186459929,
            0.026427024781572498
        ],
        [
            40.46303251303019,
            0.02713110883930993
        ],
        [
            41.46303185902905,
            0.027825127639834312
        ]
    ],
    "changed_route": false,
    "speed_reduced_by_obj_type": "vehicle.ford.mustang",
    "speed_reduced_by_obj_id": 151,
    "speed_reduced_by_obj_distance": 8.532710075378418,
    "steer": 0.001,
    "throttle": 0.0,
    "brake": true,
    "control_brake": true,
    "junction": false,
    "vehicle_hazard": false,
    "vehicle_affecting_id": null,
    "light_hazard": false,
    "walker_hazard": false,
    "walker_affecting_id": null,
    "stop_sign_hazard": false,
    "stop_sign_close": false,
    "walker_close": false,
    "walker_close_id": null,
    "angle": 0.00018007432940110433,