{
    "pos_global": [
        60.337890625,
        191.36671447753906
    ],
    "theta": -3.1373511751426957,
    "speed": 5.587412488239352e-6,
    "target_speed": 0.0,
    "speed_limit": 27.77777777777778,
    "target_point": [
        13.872519185284311,
        0.009855342300517593
    ],
    "target_point_next": [
        13.872519185284311,
        0.009855342300517593
    ],
    "command": 4,
    "next_command": 4,
    "aim_wp": [
        2.357423541513489,
        0.0008526695258013178
    ],
    "route": [
        [
            2.4574236268848,
            0.0009305374513257061
        ],
        [
            3.4574213144280304,
            0.0017092301358345937
        ],
        [
            4.457424685819061,
            0.0024878987122809735
        ],
        [
            5.457423021854992,
            0.003266588646205547
        ],
        [
            6.457420114622814,
            0.004057948762301215
        ],
        [
            7.457420330845932,
            0.004839224738877368
        ],
        [
            8.457421184559413,
            0.005617903994062844
        ],
        [
            9.457418872102643,
            0.006396596678571729
        ],
        [
            10.457419077323422,
            0.007175278684341521
        ],
        [
            11.457416818583948,
            0.007966636049852876
        ],
        [
            12.457417034807063,
            0.008747912026429033
        ],
        [
            13.457417888520544,
            0.009526591281614509
        ],
        [
            14.457418742234024,
            0.010305270536799985
        ],
        [
            15.457416429777256,
            0.011083963221308878
        ],
        [
            16.457416688715327,
            0.011875309908081132
        ],
        [
            17.457417553431146,
            0.01265658313407298
        ],
        [
            18.45741840714463,
            0.013435262389258448
        ],
        [
            19.457416094687858,
            0.014213955073767333
        ],
        [
            20.457416299908637,
            0.014992637079537132
        ],
        [
            21.45741720733941,
            0.01578398101572507
        ],
        [
            22.45741807205523,
            0.01656525424171692
        ],
        [
            23.45741575959846,
            0.017343946926225803
        ],
        [
            24.45741596481924,
            0.01812262893199559
        ],
        [
            25.45741681853272,
            0.01890130818718107
        ],
        [
            26.457414559793246,
            0.019692665552692428
        ],
        [
            27.457414776016364,
            0.020473941529268576
        ],
        [
            28.457415629729844,
            0.02125262078445406
        ],
        [
            29.457413317273076,
            0.022031313468962945
        ],
        [
            30.45741357621115,
            0.022822660155735187
        ],
        [
            31.457414440926968,
            0.023603933381727046
        ],
        [
            32.45741371155532,
            0.02438261935157423
        ],
        [
            33.457412657937326,
            0.025161306696713574
        ],
        [
            34.457413187404455,
            0.0259399873271912
        ],
        [
            35.4574125117501,
            0.026731337978040854
        ],
        [
            36.45741146913444,
            0.02751261929398656
        ],
        [
            37.45741199860158,
            0.028291299924464188
        ],
        [
            38.45741126922993,
            0.02906998589431137
        ],
        [
            39.45741021561193,
            0.029848673239450715
        ],
        [
            40.45741079879636,
            0.03064001855093081
        ],
        [
            41.45741008042705,
            0.03142129849158436
        ]
    ],
    "route_original": [
        [
            2.4574236268848,
            0.0009305374513257061
        ],
        [
            3.4574213144280304,
            0.0017092301358345937
        ],
        [
            4.457424685819061,
            0.0024878987122809735
        ],
        [
            5.457423021854992,
            0.003266588646205547
        ],
        [
            6.457420114622814,
            0.004057948762301215
        ],
        [
            7.457420330845932,
            0.004839224738877368
        ],
        [
            8.457421184559413,
            0.005617903994062844
        ],
        [
            9.457418872102643,
            0.006396596678571729
        ],
        [
            10.457419077323422,
            0.007175278684341521
        ],
        [
            11.457416818583948,
            0.007966636049852876
        ],
        [
            12.457417034807063,
            0.008747912026429033
        ],
        [
            13.457417888520544,
            0.009526591281614509
        ],
        [
            14.457418742234024,
            0.010305270536799985
        ],
        [
            15.457416429777256,
            0.011083963221308878
        ],
        [
            16.457416688715327,
            0.011875309908081132
        ],
        [
            17.457417553431146,
            0.01265658313407298
        ],
        [
            18.45741840714463,
            0.013435262389258448
        ],
        [
            19.457416094687858,
            0.014213955073767333
        ],
        [
            20.457416299908637,
            0.014992637079537132
        ],
        [
            21.45741720733941,
            0.01578398101572507
        ],
        [
            22.45741807205523,
            0.01656525424171692
        ],
        [
            23.45741575959846,
            0.017343946926225803
        ],
        [
            24.45741596481924,
            0.01812262893199559
        ],
        [
            25.45741681853272,
            0.01890130818718107
        ],
        [
            26.457414559793246,
            0.019692665552692428
        ],
        [
            27.457414776016364,
            0.020473941529268576
        ],
        [
            28.457415629729844,
            0.02125262078445406
        ],
        [
            29.457413317273076,
            0.022031313468962945
        ],
        [
            30.45741357621115,
            0.022822660155735187
        ],
        [
            31.457414440926968,
            0.023603933381727046
        ],
        [
            32.45741371155532,
            0.02438261935157423
        ],
        [
            33.457412657937326,
            0.025161306696713574
        ],
        [
            34.457413187404455,
            0.0259399873271912
        ],
        [
            35.4574125117501,
            0.026731337978040854
        ],
        [
            36.45741146913444,
            0.02751261929398656
        ],
        [
            37.45741199860158,
            0.028291299924464188
        ],
        [
            38.45741126922993,
            0.02906998589431137
        ],
        [
            39.45741021561193,
            0.029848673239450715
        ],
        [
            40.45741079879636,
            0.03064001855093081
        ],
        [
            41.45741008042705,
            0.03142129849158436
        ]
    ],
    "changed_route": false,
    "speed_reduced_by_obj_type": "vehicle.ford.mustang",
    "speed_reduced_by_obj_id": 151,
    "speed_reduced_by_obj_distance": 8.527091026306152,
    "steer": 0.001,
    "throttle": 0.0,
    "brake": true,
    "control_brake": true,
    "junction": false,
    "vehicle_hazard": false,
    "vehicle_affecting_id": null,
    "light_hazard": false,
    "walker_hazard": false,
    "walker_affecting_id": null,
    "stop_sign_hazard": false,
    "stop_sign_close": false,
    "walker_close": false,
    "walker_close_id": null,
    "angle": 0.00023026250743233228,