{
    "pos_global": [
        60.33210372924805,
        191.36663818359375
    ],
    "theta": -3.1376158197654984,
    "speed": 7.643589583494759e-8,
    "target_speed": 0.0,
    "speed_limit": 27.77777777777778,
    "target_point": [
        13.866728937928656,
        0.01347334963975092
    ],
    "target_point_next": [
        13.866728937928656,
        0.01347334963975092
    ],
    "command": 4,
    "next_command": 4,
    "aim_wp": [
        2.3516360799068354,
        0.0014232690726823714
    ],
    "route": [
        [
            2.4516361411689775,
            0.0015276014800443684
        ],
        [
            3.4516335876170716,
            0.002570938145019043
        ],
        [
            4.451636717919146,
            0.0036142522061317892
        ],
        [
            5.451634812860647,
            0.004657586292142354
        ],
        [
            6.451631661180986,
            0.005713590230856104
        ],
        [
            7.451631635625224,
            0.006759510857009106
        ],
        [
            8.45163224824701,
            0.007802834930570766
        ],
        [
            9.451629694695105,
            0.00884617159554544
        ],
        [
            10.451629658823485,
            0.0098894982480712
        ],
        [
            11.451627155637233,
            0.010945499607820838
        ],
        [
            12.45162713008147,
            0.011991420233973845
        ],
        [
            13.451627742703257,
            0.0130347443075355
        ],
        [
            14.451628355325045,
            0.014078068381097156
        ],
        [
            15.451625801773138,
            0.01512140504607183
        ],
        [
            16.45162581626717,
            0.016177396393372557
        ],
        [
            17.451626439204816,
            0.017223314440561452
        ],
        [
            18.451627051826602,
            0.018266638514123107
        ],
        [
            19.4516244982747,
            0.019309975179097785
        ],
        [
            20.45162446240308,
            0.020353301831623555
        ],
        [
            21.451625125390517,
            0.021409290599960176
        ],
        [
            22.451625748328162,
            0.02245520864714907
        ],
        [
            23.451623194776257,
            0.023498545312123736
        ],
        [
            24.451623158904635,
            0.024541871964649506
        ],
        [
            25.451623771526425,
            0.02558519603821116
        ],
        [
            26.451621268340173,
            0.026641197397960805
        ],
        [
            27.451621242784405,
            0.027687118024113798
        ],
        [
            28.4516218554062,
            0.028730442097675453
        ],
        [
            29.45161930185429,
            0.029773778762650135
        ],
        [
            30.451619316348324,
            0.030829770109950867
        ],
        [
            31.45161993928597,
            0.03187568815713976
        ],
        [
            32.45161896882091,
            0.03291901852640793
        ],
        [
            33.451617674109144,
            0.03396235018515815
        ],
        [
            34.45161796248423,
            0.03500567554820185
        ],
        [
            35.45161704238482,
            0.03606167061224499
        ],
        [
            36.45161575798891,
            0.03710759624462247
        ],
        [
            37.451616046364,
            0.038150921607666144
        ],
        [
            38.45161507589894,
            0.03919425197693434
        ],
        [
            39.45161378118718,
            0.04023758363568456
        ],
        [
            40.45161411992792,
            0.0412935736935032
        ],
        [
            41.45161315977871,
            0.04233949803639864
        ]
    ],
    "route_original": [
        [
            2.4516361411689775,
            0.0015276014800443684
        ],
        [
            3.4516335876170716,
            0.002570938145019043
        ],
        [
            4.451636717919146,
            0.0036142522061317892
        ],
        [
            5.451634812860647,
            0.004657586292142354
        ],
        [
            6.451631661180986,
            0.005713590230856104
        ],
        [
            7.451631635625224,
            0.006759510857009106
        ],
        [
            8.45163224824701,
            0.007802834930570766
        ],
        [
            9.451629694695105,
            0.00884617159554544
        ],
        [
            10.451629658823485,
            0.0098894982480712
        ],
        [
            11.451627155637233,
            0.010945499607820838
        ],
        [
            12.45162713008147,
            0.011991420233973845
        ],
        [
            13.451627742703257,
            0.0130347443075355
        ],
        [
            14.451628355325045,
            0.014078068381097156
        ],
        [
            15.451625801773138,
            0.01512140504607183
        ],
        [
            16.45162581626717,
            0.016177396393372557
        ],
        [
            17.451626439204816,
            0.017223314440561452
        ],
        [
            18.451627051826602,
            0.018266638514123107
        ],
        [
            19.4516244982747,
            0.019309975179097785
        ],
        [
            20.45162446240308,
            0.020353301831623555
        ],
        [
            21.451625125390517,
            0.021409290599960176
        ],
        [
            22.451625748328162,
            0.02245520864714907
        ],
        [
            23.451623194776257,
            0.023498545312123736
        ],
        [
            24.451623158904635,
            0.024541871964649506
        ],
        [
            25.451623771526425,
            0.02558519603821116
        ],
        [
            26.451621268340173,
            0.026641197397960805
        ],
        [
            27.451621242784405,
            0.027687118024113798
        ],
        [
            28.4516218554062,
            0.028730442097675453
        ],
        [
            29.45161930185429,
            0.029773778762650135
        ],
        [
            30.451619316348324,
            0.030829770109950867
        ],
        [
            31.45161993928597,
            0.03187568815713976
        ],
        [
            32.45161896882091,
            0.03291901852640793
        ],
        [
            33.451617674109144,
            0.03396235018515815
        ],
        [
            34.45161796248423,
            0.03500567554820185
        ],
        [
            35.45161704238482,
            0.03606167061224499
        ],
        [
            36.45161575798891,
            0.03710759624462247
        ],
        [
            37.451616046364,
            0.038150921607666144
        ],
        [
            38.45161507589894,
            0.03919425197693434
        ],
        [
            39.45161378118718,
            0.04023758363568456
        ],
        [
            40.45161411992792,
            0.0412935736935032
        ],
        [
            41.45161315977871,
            0.04233949803639864
        ]
    ],
    "changed_route": false,
    "speed_reduced_by_obj_type": "vehicle.ford.mustang",
    "speed_reduced_by_obj_id": 151,
    "speed_reduced_by_obj_distance": 8.5213041305542,
    "steer": 0.001,
    "throttle": 0.0,
    "brake": true,
    "control_brake": true,
    "junction": false,
    "vehicle_hazard": false,
    "vehicle_affecting_id": null,
    "light_hazard": false,
    "walker_hazard": false,
    "walker_affecting_id": null,
    "stop_sign_hazard": false,
    "stop_sign_close": false,
    "walker_close": false,
    "walker_close_id": null,
    "angle": 0.00038529818885627395,
    "augmentation_translation": -0.9886421276288048,