{
    "pos_global": [
        59.0024528503418,
        191.36021423339844
    ],
    "theta": -3.137234350038936,
    "speed": 3.9337499141693115,
    "target_speed": 4.081915665219982,
    "speed_limit": 27.77777777777778,
    "target_point": [
        12.537066820536475,
        0.00755472610797239
    ],
    "target_point_next": [
        12.537066820536475,
        0.00755472610797239
    ],
    "command": 4,
    "next_command": 4,
    "aim_wp": [
        2.421968197854158,
        0.0008239157645456495
    ],
    "route": [
        [
            2.521968673106151,
            0.0008900995066599062
        ],
        [
            3.5219716708818214,
            0.0015519445755021858
        ],
        [
            4.521968809375005,
            0.002217324735860633
        ],
        [
            5.521966861151428,
            0.0028909407401652132
        ],
        [
            6.5219677990101355,
            0.0035527947868077545
        ],
        [
            7.521967859496803,
            0.004214652657328181
        ],
        [
            8.521965860066514,
            0.004876519505648832
        ],
        [
            9.521965935848693,
            0.0055418868643291605
        ],
        [
            10.521963987625117,
            0.006215502868633748
        ],
        [
            11.521964925483823,
            0.006877356915276286
        ],
        [
            12.521965863342531,
            0.007539210961918823
        ],
        [
            13.5219659238292,
            0.00820106883243925
        ],
        [
            14.521963939694421,
            0.008866445168919811
        ],
        [
            15.521964928759841,
            0.009540048371546277
        ],
        [
            16.52196586661855,
            0.010201902418188816
        ],
        [
            17.521965927105217,
            0.010863760288709234
        ],
        [
            18.52196392767493,
            0.011525627137029893
        ],
        [
            19.521964880829145,
            0.012190990671832333
        ],
        [
            20.521965869894565,
            0.0128645938744588
        ],
        [
            21.52196593038123,
            0.013526451744979233
        ],
        [
            22.521963930950946,
            0.014188318593299878
        ],
        [
            23.521964868809654,
            0.014850172639942415
        ],
        [
            24.521964944591833,
            0.01551553999862275
        ],
        [
            25.521962996368256,
            0.01618915600292734
        ],
        [
            26.521963934226964,
            0.016851010049569876
        ],
        [
            27.52196399471363,
            0.017512867920090294
        ],
        [
            28.52196201057885,
            0.01817824425657087
        ],
        [
            29.52196299964427,
            0.018851847459197338
        ],
        [
            30.52196349881696,
            0.019513703417778815
        ],
        [
            31.52196252934515,
            0.020175565777199346
        ],
        [
            32.521961998559355,
            0.020837426224680967
        ],
        [
            33.52196251302756,
            0.021502791671422317
        ],
        [
            34.52196159476246,
            0.02217640318682681
        ],
        [
            35.52196106397666,
            0.022838263634308426
        ],
        [
            36.52196156314936,
            0.023500119592889876
        ],
        [
            37.52196059367755,
            0.02416198195231041
        ],
        [
            38.52196007818726,
            0.02482735188795196
        ],
        [
            39.52196062856667,
            0.025500957002517338
        ],
        [
            40.52196009778087,
            0.026162817449998956
        ],
        [
            41.52196059695357,
            0.026824673408580406
        ]
    ],
    "route_original": [
        [
            2.521968673106151,
            0.0008900995066599062
        ],
        [
            3.5219716708818214,
            0.0015519445755021858
        ],
        [
            4.521968809375005,
            0.002217324735860633
        ],
        [
            5.521966861151428,
            0.0028909407401652132
        ],
        [
            6.5219677990101355,
            0.0035527947868077545
        ],
        [
            7.521967859496803,
            0.004214652657328181
        ],
        [
            8.521965860066514,
            0.004876519505648832
        ],
        [
            9.521965935848693,
            0.0055418868643291605
        ],
        [
            10.521963987625117,
            0.006215502868633748
        ],
        [
            11.521964925483823,
            0.006877356915276286
        ],
        [
            12.521965863342531,
            0.007539210961918823
        ],
        [
            13.5219659238292,
            0.00820106883243925
        ],
        [
            14.521963939694421,
            0.008866445168919811
        ],
        [
            15.521964928759841,
            0.009540048371546277
        ],
        [
            16.52196586661855,
            0.010201902418188816
        ],
        [
            17.521965927105217,
            0.010863760288709234
        ],
        [
            18.52196392767493,
            0.011525627137029893
        ],
        [
            19.521964880829145,
            0.012190990671832333
        ],
        [
            20.521965869894565,
            0.0128645938744588
        ],
        [
            21.52196593038123,
            0.013526451744979233
        ],
        [
            22.521963930950946,
            0.014188318593299878
        ],
        [
            23.521964868809654,
            0.014850172639942415
        ],
        [
            24.521964944591833,
            0.01551553999862275
        ],
        [
            25.521962996368256,
            0.01618915600292734
        ],
        [
            26.521963934226964,
            0.016851010049569876
        ],
        [
            27.52196399471363,
            0.017512867920090294
        ],
        [
            28.52196201057885,
            0.01817824425657087
        ],
        [
            29.52196299964427,
            0.018851847459197338
        ],
        [
            30.52196349881696,
            0.019513703417778815
        ],
        [
            31.52196252934515,
            0.020175565777199346
        ],
        [
            32.521961998559355,
            0.020837426224680967
        ],
        [
            33.52196251302756,
            0.021502791671422317
        ],
        [
            34.52196159476246,
            0.02217640318682681
        ],
        [
            35.52196106397666,
            0.022838263634308426
        ],
        [
            36.52196156314936,
            0.023500119592889876
        ],
        [
            37.52196059367755,
            0.02416198195231041
        ],
        [
            38.52196007818726,
            0.02482735188795196
        ],
        [
            39.52196062856667,
            0.025500957002517338
        ],
        [
            40.52196009778087,
            0.026162817449998956
        ],
        [
            41.52196059695357,
            0.026824673408580406
        ]
    ],
    "changed_route": false,
    "speed_reduced_by_obj_type": "vehicle.ford.mustang",
    "speed_reduced_by_obj_id": 151,
    "speed_reduced_by_obj_distance": 10.04679012298584,
    "steer": 0.001,
    "throttle": 1.0,
    "brake": false,
    "control_brake": false,
    "junction": false,
    "vehicle_hazard": false,
    "vehicle_affecting_id": null,
    "light_hazard": false,
    "walker_hazard": false,
    "walker_affecting_id": null,
    "stop_sign_hazard": false,
    "stop_sign_close": false,
    "walker_close": false,
    "walker_close_id": null,
    "angle": 0.0002165680980891335,